key,registrationMoment,passengerEmail,description,type,accepted,key:assistanceAgent
#registrationMoment
Claim-01,2012/07/02 0:00,acme@lorem-ipsum.org,Lorem ipsum dolor sit amet. consectetur adipiscing elit. Sed do: eiusmod tempor incididunt ut labore et dolore magna aliqua! Ut*,FLIGHT_ISSUES,true,assistanceAgent-01
Claim-02,2000/01/01 0:00,acme@lorem-ipsum.org,Lorem ipsum dolor sit amet. consectetur adipiscing elit. Sed do: eiusmod tempor incididunt ut labore et dolore magna aliqua! Ut*,FLIGHT_ISSUES,true,assistanceAgent-01
Claim-03,2000/01/01 0:01,acme@lorem-ipsum.org,Lorem ipsum dolor sit amet. consectetur adipiscing elit. Sed do: eiusmod tempor incididunt ut labore et dolore magna aliqua! Ut*,FLIGHT_ISSUES,true,assistanceAgent-01
Claim-04,2024/12/31 23:59,acme@lorem-ipsum.org,Lorem ipsum dolor sit amet. consectetur adipiscing elit. Sed do: eiusmod tempor incididunt ut labore et dolore magna aliqua! Ut*,FLIGHT_ISSUES,true,assistanceAgent-01
Claim-05,2025/01/01 0:00,acme@lorem-ipsum.org,Lorem ipsum dolor sit amet. consectetur adipiscing elit. Sed do: eiusmod tempor incididunt ut labore et dolore magna aliqua! Ut*,FLIGHT_ISSUES,true,assistanceAgent-01
#passengerEmail
Claim-06,2012/07/02 0:00,acme@lorem-ipsum.org,Lorem ipsum dolor sit amet. consectetur adipiscing elit. Sed do: eiusmod tempor incididunt ut labore et dolore magna aliqua! Ut*,FLIGHT_ISSUES,true,assistanceAgent-01
Claim-07,2012/07/02 0:00,acme.password@lorem-ipsum.org,Lorem ipsum dolor sit amet. consectetur adipiscing elit. Sed do: eiusmod tempor incididunt ut labore et dolore magna aliqua! Ut*,FLIGHT_ISSUES,true,assistanceAgent-01
Claim-08,2012/07/02 0:00,a@b.e,Lorem ipsum dolor sit amet. consectetur adipiscing elit. Sed do: eiusmod tempor incididunt ut labore et dolore magna aliqua! Ut*,FLIGHT_ISSUES,true,assistanceAgent-01
Claim-09,2012/07/02 0:00,a@b.es,Lorem ipsum dolor sit amet. consectetur adipiscing elit. Sed do: eiusmod tempor incididunt ut labore et dolore magna aliqua! Ut*,FLIGHT_ISSUES,true,assistanceAgent-01
Claim-10,2012/07/02 0:00,a@b.esx,Lorem ipsum dolor sit amet. consectetur adipiscing elit. Sed do: eiusmod tempor incididunt ut labore et dolore magna aliqua! Ut*,FLIGHT_ISSUES,true,assistanceAgent-01
Claim-11,2012/07/02 0:00,lorem-ipsum@dolor.sit.amet.consectetur.adipiscing.elit.sed.do.eiusmod.tempor.incididunt.ut.labore.et.dolore.magna.aliqua.Ut.enim.ad.minim.veniam.quis.nostrud.exercitation.ullamco.laboris.nisi.ut.aliquip.ex.ea.commodo.consequat.duis.aute.irure.doloris.edu,Lorem ipsum dolor sit amet. consectetur adipiscing elit. Sed do: eiusmod tempor incididunt ut labore et dolore magna aliqua! Ut*,FLIGHT_ISSUES,true,assistanceAgent-01
Claim-12,2012/07/02 0:00,lorem-ipsum@dolor.sit.amet.consectetur.adipiscing.elit.sed.do.eiusmod.tempor.incididunt.ut.labore.et.dolore.magna.aliqua.Ut.enim.ad.minim.veniam.quis.nostrud.exercitation.ullamco.laboris.nisi.ut.aliquip.ex.ea.commodo.consequat.duis.aute.irure.dolor.es.org,Lorem ipsum dolor sit amet. consectetur adipiscing elit. Sed do: eiusmod tempor incididunt ut labore et dolore magna aliqua! Ut*,FLIGHT_ISSUES,true,assistanceAgent-01
#description
Claim-13,2012/07/02 0:00,acme@lorem-ipsum.org,Lorem ipsum dolor sit amet. consectetur adipiscing elit. Sed do: eiusmod tempor incididunt ut labore et dolore magna aliqua! Ut*,FLIGHT_ISSUES,true,assistanceAgent-01
Claim-14,2012/07/02 0:00,acme@lorem-ipsum.org,L,FLIGHT_ISSUES,true,assistanceAgent-01
Claim-15,2012/07/02 0:00,acme@lorem-ipsum.org,Lo,FLIGHT_ISSUES,true,assistanceAgent-01
Claim-16,2012/07/02 0:00,acme@lorem-ipsum.org,Lorem ipsum dolor sit amet. consectetur adipiscing elit. Sed do: eiusmod tempor incididunt ut labore et dolore magna aliqua! Ut enim ad minim veniam? Quis nostrud exercitation ullamco laboris nisi ut aliquip ex ea commodo consequat. Duis aute irure dolor,FLIGHT_ISSUES,true,assistanceAgent-01
Claim-17,2012/07/02 0:00,acme@lorem-ipsum.org,Lorem ipsum dolor sit amet. consectetur adipiscing elit. Sed do: eiusmod tempor incididunt ut labore et dolore magna aliqua! Ut enim ad minim veniam? Quis nostrud exercitation ullamco laboris nisi ut aliquip ex ea commodo consequat. Duis aute irure dolor*,FLIGHT_ISSUES,true,assistanceAgent-01
#type
Claim-18,2012/07/02 0:00,acme@lorem-ipsum.org,Lorem ipsum dolor sit amet. consectetur adipiscing elit. Sed do: eiusmod tempor incididunt ut labore et dolore magna aliqua! Ut*,FLIGHT_ISSUES,true,assistanceAgent-01
Claim-19,2012/07/02 0:00,acme@lorem-ipsum.org,Lorem ipsum dolor sit amet. consectetur adipiscing elit. Sed do: eiusmod tempor incididunt ut labore et dolore magna aliqua! Ut*,LUGGAGE_ISSUES,true,assistanceAgent-01
Claim-20,2012/07/02 0:00,acme@lorem-ipsum.org,Lorem ipsum dolor sit amet. consectetur adipiscing elit. Sed do: eiusmod tempor incididunt ut labore et dolore magna aliqua! Ut*,SECURITY_INCIDENT,true,assistanceAgent-01
Claim-21,2012/07/02 0:00,acme@lorem-ipsum.org,Lorem ipsum dolor sit amet. consectetur adipiscing elit. Sed do: eiusmod tempor incididunt ut labore et dolore magna aliqua! Ut*,OTHER_ISSUES,true,assistanceAgent-01
#accepted
Claim-22,2012/07/02 0:00,acme@lorem-ipsum.org,Lorem ipsum dolor sit amet. consectetur adipiscing elit. Sed do: eiusmod tempor incididunt ut labore et dolore magna aliqua! Ut*,FLIGHT_ISSUES,true,assistanceAgent-01
Claim-23,2012/07/02 0:00,acme@lorem-ipsum.org,Lorem ipsum dolor sit amet. consectetur adipiscing elit. Sed do: eiusmod tempor incididunt ut labore et dolore magna aliqua! Ut*,FLIGHT_ISSUES,false,assistanceAgent-01
#key:assistanceAgent
Claim-24,2012/07/02 0:00,acme@lorem-ipsum.org,Lorem ipsum dolor sit amet. consectetur adipiscing elit. Sed do: eiusmod tempor incididunt ut labore et dolore magna aliqua! Ut*,FLIGHT_ISSUES,true,assistanceAgent-50
Claim-25,2012/07/02 0:00,acme@lorem-ipsum.org,Lorem ipsum dolor sit amet. consectetur adipiscing elit. Sed do: eiusmod tempor incididunt ut labore et dolore magna aliqua! Ut*,FLIGHT_ISSUES,true,assistanceAgent-44
Claim-26,2012/07/02 0:00,acme@lorem-ipsum.org,Lorem ipsum dolor sit amet. consectetur adipiscing elit. Sed do: eiusmod tempor incididunt ut labore et dolore magna aliqua! Ut*,FLIGHT_ISSUES,true,assistanceAgent-18