key,key:userAccount,employeeCode,phoneNumber,languageSkills,salary,yearsOfExperience,availabilityStatus,key:airline
#userAccount,"","","","","","",""
flightCrewMember-01,user-account-flighCrewMember-01,AG111111,123456,Lorem ipsum dolor sit ame,EUR 10000,2,AVAILABLE,Airline-01
flightCrewMember-02,user-account-flighCrewMember-02,DM222222,123456,Lorem ipsum dolor sit ame,EUR 10000,2,AVAILABLE,Airline-01
flightCrewMember-03,user-account-flighCrewMember-03,WE333333,123456,Lorem ipsum dolor sit ame,EUR 10000,2,AVAILABLE,Airline-01
flightCrewMember-04,user-account-flighCrewMember-04,RF444444,123456,Lorem ipsum dolor sit ame,EUR 10000,2,AVAILABLE,Airline-01
flightCrewMember-05,user-account-flighCrewMember-05,IP555555,123456,Lorem ipsum dolor sit ame,EUR 10000,2,AVAILABLE,Airline-01
#phoneNumber,"","","","","","",""
flightCrewMember-06,user-account-flighCrewMember-01,AG100000,123456,Lorem ipsum dolor sit ame,EUR 10000,2,AVAILABLE,Airline-01
flightCrewMember-07,user-account-flighCrewMember-01,AG122222,+123456,Lorem ipsum dolor sit ame,EUR 10000,2,AVAILABLE,Airline-01
flightCrewMember-08,user-account-flighCrewMember-01,AG133333,123456789098765,Lorem ipsum dolor sit ame,EUR 10000,2,AVAILABLE,Airline-01
flightCrewMember-09,user-account-flighCrewMember-01,AG144444,+123456789098765,Lorem ipsum dolor sit ame,EUR 10000,2,AVAILABLE,Airline-01
flightCrewMember-10,user-account-flighCrewMember-01,AG155555,123456789,Lorem ipsum dolor sit ame,EUR 10000,2,AVAILABLE,Airline-01
#languageSkills,"","","","","","",""
flightCrewMember-11,user-account-flighCrewMember-01,AG166666,123456,Lorem ipsum dolor sit ame,EUR 10000,2,AVAILABLE,Airline-01
flightCrewMember-12,user-account-flighCrewMember-01,AG177777,123456,L,EUR 10000,2,AVAILABLE,Airline-01
flightCrewMember-13,user-account-flighCrewMember-01,AG188888,123456,"Lorem ipsum dolor sit amet, consectetur adipiscing elit. Sed do: eiusmod tempor incididunt ut labore et dolore magna aliqua! Ut enim ad minim veniam? Quis nostrud exercitation ullamco laboris nisi ut aliquip ex ea commodo consequat. Duis aute irure dolor",EUR 10000,2,AVAILABLE,Airline-01
flightCrewMember-14,user-account-flighCrewMember-01,AG199999,123456,"Lorem ipsum dolor sit amet, consectetur adipiscing elit. Sed do: eiusmod tempor incididunt ut labore et dolore magna aliqua! Ut enim ad minim veniam? Quis nostrud exercitation ullamco laboris nisi ut aliquip ex ea commodo consequat. Duis aute irure dolor*",EUR 10000,2,AVAILABLE,Airline-01
flightCrewMember-15,user-account-flighCrewMember-01,AG110000,123456,Lo,EUR 10000,2,AVAILABLE,Airline-01
flightCrewMember-16,user-account-flighCrewMember-02,DM112222,123456,洛伦·伊普森,EUR 10000,2,AVAILABLE,Airline-01
flightCrewMember-17,user-account-flighCrewMember-02,DM113333,123456,' or 'A' = 'A,EUR 10000,2,AVAILABLE,Airline-01
flightCrewMember-18,user-account-flighCrewMember-02,DM114444,123456,<script>alert(‘Hacked!’);</script>,EUR 10000,2,AVAILABLE,Airline-01
#salary,"","","","","","",""
flightCrewMember-19,user-account-flighCrewMember-01,AG115555,123456,Lorem ipsum dolor sit ame,EUR 10000,2,AVAILABLE,Airline-01
flightCrewMember-20,user-account-flighCrewMember-01,AG116666,123456,Lorem ipsum dolor sit ame,EUR 10000,2,AVAILABLE,Airline-01
flightCrewMember-21,user-account-flighCrewMember-01,AG117777,123456,Lorem ipsum dolor sit ame,EUR 10000,2,AVAILABLE,Airline-01
flightCrewMember-22,user-account-flighCrewMember-01,AG118888,123456,Lorem ipsum dolor sit ame,EUR 10000,2,AVAILABLE,Airline-01
flightCrewMember-23,user-account-flighCrewMember-01,AG119999,123456,Lorem ipsum dolor sit ame,EUR 10000,2,AVAILABLE,Airline-01
#yearsOfExperience,"","","","","","",""
flightCrewMember-24,user-account-flighCrewMember-01,AG111000,123456,Lorem ipsum dolor sit ame,EUR 10000,0,AVAILABLE,Airline-01
flightCrewMember-25,user-account-flighCrewMember-01,AG111222,123456,Lorem ipsum dolor sit ame,EUR 10000,1,AVAILABLE,Airline-01
flightCrewMember-26,user-account-flighCrewMember-01,AG111333,123456,Lorem ipsum dolor sit ame,EUR 10000,120,AVAILABLE,Airline-01
flightCrewMember-27,user-account-flighCrewMember-01,AG111444,123456,Lorem ipsum dolor sit ame,EUR 10000,119,AVAILABLE,Airline-01
flightCrewMember-28,user-account-flighCrewMember-01,AG111555,123456,Lorem ipsum dolor sit ame,EUR 10000,null,AVAILABLE,Airline-01
#avaliabilityStatus,"","","","","","",""
flightCrewMember-29,user-account-flighCrewMember-01,AG111666,123456,Lorem ipsum dolor sit ame,EUR 10000,2,AVAILABLE,Airline-01
flightCrewMember-30,user-account-flighCrewMember-01,AG111777,123456,Lorem ipsum dolor sit ame,EUR 10000,2,ON_VACATION,Airline-01
flightCrewMember-31,user-account-flighCrewMember-01,AG111888,123456,Lorem ipsum dolor sit ame,EUR 10000,2,ON_LEAVE,Airline-01
#airline,"","","","","","",""
flightCrewMember-32,user-account-flighCrewMember-01,AG111122,123456,Lorem ipsum dolor sit ame,EUR 10000,2,AVAILABLE,Airline-01
flightCrewMember-33,user-account-flighCrewMember-01,AG111100,123456,Lorem ipsum dolor sit ame,EUR 10000,2,AVAILABLE,Airline-01
flightCrewMember-34,user-account-flighCrewMember-01,AG111133,123456,Lorem ipsum dolor sit ame,EUR 10000,2,AVAILABLE,Airline-02
